<?xml version="1.0" ?>
<database>

<record recordName = "booleanArray01">
    <array name = "value" scalarType = "boolean">[false,true,true,false]</array>
    <structure name = "timeStamp" extends = "timeStamp" />
    <structure name = "alarm" extends = "alarm" />
</record>

<record recordName = "byteArray01">
    <array name = "value" scalarType = "byte">[1,2,3,4]</array>
    <structure name = "timeStamp" extends = "timeStamp" />
    <structure name = "alarm" extends = "alarm" />
</record>

<record recordName = "shortArray01">
    <array name = "value" scalarType = "short">[1,2,3,4]</array>
    <structure name = "timeStamp" extends = "timeStamp" />
    <structure name = "alarm" extends = "alarm" />
</record>

<record recordName = "intArray01">
    <array name = "value" scalarType = "int">[1,2,3,4]</array>
    <structure name = "timeStamp" extends = "timeStamp" />
    <structure name = "alarm" extends = "alarm" />
</record>

<record recordName = "longArray01">
    <array name = "value" scalarType = "long">[1,2,3,4]</array>
    <structure name = "timeStamp" extends = "timeStamp" />
    <structure name = "alarm" extends = "alarm" />
</record>

<record recordName = "floatArray01">
    <array name = "value" scalarType = "float">[1,2,3,4]</array>
    <structure name = "timeStamp" extends = "timeStamp" />
    <structure name = "alarm" extends = "alarm" />
</record>

<record recordName = "doubleArray01">
    <array name = "value" scalarType = "double">[1,2,3,4]</array>
    <structure name = "timeStamp" extends = "timeStamp" />
    <structure name = "alarm" extends = "alarm" />
</record>

<record recordName = "stringArray01">
    <array name = "value" scalarType = "string">[one,two,three,four]</array>
    <structure name = "timeStamp" extends = "timeStamp" />
    <structure name = "alarm" extends = "alarm" />
</record>

</database>
