<?xml version="1.0" ?>
<database>

<record recordName = "boolean01">
    <scalar name = "value" scalarType = "boolean"/>
    <structure name = "alarm" extends = "alarm" />
    <structure name = "timeStamp" extends = "timeStamp" />
</record>

<record recordName = "string01">
    <scalar name = "value" scalarType = "string"/>
    <structure name = "alarm" extends = "alarm" />
    <structure name = "timeStamp" extends = "timeStamp" />
</record>

<record recordName = "byte01">
    <scalar name = "value" scalarType = "byte">
        <auxInfo name = "pvReplaceFactory" scalarType = "string">
            org.epics.ioc.controlLimitFactory
        </auxInfo>
    </scalar>
    <structure name = "timeStamp" extends = "timeStamp" />
    <structure name = "alarm" extends = "alarm" />
    <structure name = "display" extends = "display" >
        <scalar name = "units">increment</scalar>
        <scalar name = "limitLow">0</scalar>
        <scalar name = "limitHigh">11</scalar>
    </structure>
    <structure name = "control" extends = "control" >
        <scalar name = "limitLow">0</scalar>
        <scalar name = "limitHigh">11</scalar>
    </structure>
    <structure name = "valueAlarm" extends = "byteAlarm">
          <scalar name = "active">true</scalar>
          <scalar name = "lowAlarmLimit">2</scalar>
          <scalar name = "lowAlarmSeverity">2</scalar>
          <scalar name = "lowWarningLimit">4</scalar>
          <scalar name = "lowWarningSeverity">1</scalar>
          <scalar name = "highWarningLimit">8</scalar>
          <scalar name = "highWarningSeverity">1</scalar>
          <scalar name = "highAlarmLimit">10</scalar>
          <scalar name = "highAlarmSeverity">2</scalar>
    </structure>
</record>

<record recordName = "short01">
    <scalar name = "value" scalarType = "short">
        <auxInfo name = "pvReplaceFactory" scalarType = "string">
            org.epics.ioc.controlLimitFactory
        </auxInfo>
    </scalar>
    <structure name = "timeStamp" extends = "timeStamp" />
    <structure name = "alarm" extends = "alarm" />
    <structure name = "display" extends = "display" >
        <scalar name = "units">increment</scalar>
        <scalar name = "limitLow">0</scalar>
        <scalar name = "limitHigh">11</scalar>
    </structure>
    <structure name = "control" extends = "control" >
        <scalar name = "limitLow">0</scalar>
        <scalar name = "limitHigh">11</scalar>
    </structure>
    <structure name = "valueAlarm" extends = "shortAlarm">
          <scalar name = "active">true</scalar>
          <scalar name = "lowAlarmLimit">2</scalar>
          <scalar name = "lowAlarmSeverity">2</scalar>
          <scalar name = "lowWarningLimit">4</scalar>
          <scalar name = "lowWarningSeverity">1</scalar>
          <scalar name = "highWarningLimit">8</scalar>
          <scalar name = "highWarningSeverity">1</scalar>
          <scalar name = "highAlarmLimit">10</scalar>
          <scalar name = "highAlarmSeverity">2</scalar>
    </structure>
</record>

<record recordName = "int01">
    <scalar name = "value" scalarType = "int">
        <auxInfo name = "pvReplaceFactory" scalarType = "string">
            org.epics.ioc.controlLimitFactory
        </auxInfo>
    </scalar>
    <structure name = "timeStamp" extends = "timeStamp" />
    <structure name = "alarm" extends = "alarm" />
    <structure name = "display" extends = "display" >
        <scalar name = "units">increment</scalar>
        <scalar name = "limitLow">0</scalar>
        <scalar name = "limitHigh">11</scalar>
    </structure>
    <structure name = "control" extends = "control" >
        <scalar name = "limitLow">0</scalar>
        <scalar name = "limitHigh">11</scalar>
    </structure>
    <structure name = "valueAlarm" extends = "intAlarm">
          <scalar name = "active">true</scalar>
          <scalar name = "lowAlarmLimit">2</scalar>
          <scalar name = "lowAlarmSeverity">2</scalar>
          <scalar name = "lowWarningLimit">4</scalar>
          <scalar name = "lowWarningSeverity">1</scalar>
          <scalar name = "highWarningLimit">8</scalar>
          <scalar name = "highWarningSeverity">1</scalar>
          <scalar name = "highAlarmLimit">10</scalar>
          <scalar name = "highAlarmSeverity">2</scalar>
    </structure>
</record>

<record recordName = "long01">
    <scalar name = "value" scalarType = "long">
        <auxInfo name = "pvReplaceFactory" scalarType = "string">
            org.epics.ioc.controlLimitFactory
        </auxInfo>
    </scalar>
    <structure name = "timeStamp" extends = "timeStamp" />
    <structure name = "alarm" extends = "alarm" />
    <structure name = "display" extends = "display" >
        <scalar name = "units">increment</scalar>
        <scalar name = "limitLow">0</scalar>
        <scalar name = "limitHigh">11</scalar>
    </structure>
    <structure name = "control" extends = "control" >
        <scalar name = "limitLow">0</scalar>
        <scalar name = "limitHigh">11</scalar>
    </structure>
    <structure name = "valueAlarm" extends = "longAlarm">
          <scalar name = "active">true</scalar>
          <scalar name = "lowAlarmLimit">2</scalar>
          <scalar name = "lowAlarmSeverity">2</scalar>
          <scalar name = "lowWarningLimit">4</scalar>
          <scalar name = "lowWarningSeverity">1</scalar>
          <scalar name = "highWarningLimit">8</scalar>
          <scalar name = "highWarningSeverity">1</scalar>
          <scalar name = "highAlarmLimit">10</scalar>
          <scalar name = "highAlarmSeverity">2</scalar>
    </structure>
</record>

<record recordName = "float01">
    <scalar name = "value" scalarType = "float">
        <auxInfo name = "pvReplaceFactory" scalarType = "string">
            org.epics.ioc.controlLimitFactory
        </auxInfo>
    </scalar>
    <structure name = "timeStamp" extends = "timeStamp" />
    <structure name = "alarm" extends = "alarm" />
    <structure name = "display" extends = "display" >
        <scalar name = "units">increment</scalar>
        <scalar name = "limitLow">0</scalar>
        <scalar name = "limitHigh">11</scalar>
    </structure>
    <structure name = "control" extends = "control" >
        <scalar name = "limitLow">0</scalar>
        <scalar name = "limitHigh">11</scalar>
    </structure>
    <structure name = "valueAlarm" extends = "floatAlarm">
          <scalar name = "active">true</scalar>
          <scalar name = "lowAlarmLimit">2</scalar>
          <scalar name = "lowAlarmSeverity">2</scalar>
          <scalar name = "lowWarningLimit">4</scalar>
          <scalar name = "lowWarningSeverity">1</scalar>
          <scalar name = "highWarningLimit">8</scalar>
          <scalar name = "highWarningSeverity">1</scalar>
          <scalar name = "highAlarmLimit">10</scalar>
          <scalar name = "highAlarmSeverity">2</scalar>
    </structure>
</record>

<record recordName = "double01">
    <scalar name = "value" scalarType = "double">
        <auxInfo name = "pvReplaceFactory" scalarType = "string">
            org.epics.ioc.controlLimitFactory
        </auxInfo>
    </scalar>
    <structure name = "timeStamp" extends = "timeStamp" />
    <structure name = "alarm" extends = "alarm" />
    <structure name = "display" extends = "display" >
        <scalar name = "units">increment</scalar>
        <scalar name = "limitLow">0</scalar>
        <scalar name = "limitHigh">11</scalar>
    </structure>
    <structure name = "control" extends = "control" >
        <scalar name = "limitLow">0</scalar>
        <scalar name = "limitHigh">11</scalar>
    </structure>
    <structure name = "valueAlarm" extends = "doubleAlarm">
          <scalar name = "active">true</scalar>
          <scalar name = "lowAlarmLimit">2</scalar>
          <scalar name = "lowAlarmSeverity">2</scalar>
          <scalar name = "lowWarningLimit">4</scalar>
          <scalar name = "lowWarningSeverity">1</scalar>
          <scalar name = "highWarningLimit">8</scalar>
          <scalar name = "highWarningSeverity">1</scalar>
          <scalar name = "highAlarmLimit">10</scalar>
          <scalar name = "highAlarmSeverity">2</scalar>
    </structure>
</record>

</database>
